scenario,total_population_error,total_population_rel_error,satellite_error,satellite_rel_error,derelict_error,derelict_rel_error,debris_error,debris_rel_error,rocket_body_error,rocket_body_rel_error,execution_time_ratio
Basic Propagation,59,0.4285299244625218,0,0.0,23,1.232583065380493,25,0.26466229091679017,11,1.0628019323671498,1.5321100917431192
Collision Test,92,0.6684103458297006,0,0.0,41,2.197213290460879,36,0.38123477708355397,15,1.4506769825918762,0.24390243902439027
Atmospheric Drag,91,0.6611450159837257,0,0.0,40,2.1436227224008575,36,0.38123477708355397,15,1.4506769825918762,0.36
Full Default,123,0.8990570864702874,0,0.0,44,2.3796646836127637,61,0.6472835314091682,18,1.7543859649122806,0.4722222222222222
Realistic Launch,31,0.22794117647058823,1,0.0847457627118644,25,1.3513513513513513,14,0.15021459227467812,20,1.9607843137254901,0.3993333333333333
