{"test_name":"Basic Propagation","seed":42,"success":true,"initial_pop":14041,"final_pop":13768,"nS":1421,"nD":1866,"nN":9446,"nB":1035,"satellite_ratio":0.10321034282393957,"elapsed_time":0.784868125,"n_time_steps":5}